{"cameraMode":{"drawMode":0,"name":"Shaded","section":"Shading Mode"},"sceneLighting":false,"audioPlay":false,"sceneViewState":{"showFog":true,"showMaterialUpdate":false,"showSkybox":false,"showFlares":true,"showImageEffects":true,"showParticleSystems":true},"in2DMode":false,"pivot":{"x":-0.22811922430992127,"y":1.1852668523788453,"z":-0.15856331586837769},"rotation":{"x":0.12864217162132264,"y":-0.002975234529003501,"z":0.0003860569267999381,"w":0.9916900396347046},"size":2.324873447418213,"orthographic":true}