{"cameraMode":{"drawMode":0,"name":"Shaded","section":"Shading Mode"},"sceneLighting":true,"audioPlay":false,"sceneViewState":{"showFog":true,"showMaterialUpdate":false,"showSkybox":true,"showFlares":true,"showImageEffects":true,"showParticleSystems":true},"in2DMode":false,"pivot":{"x":0.6128066778182983,"y":1.0072675943374634,"z":3.4166359901428224},"rotation":{"x":0.07168598473072052,"y":0.8651663661003113,"z":-0.12942934036254884,"w":0.4791753888130188},"size":2.741323947906494,"orthographic":true}